id,husband_id,wife_id,in_service
1,443,662,out_of_service
2,444,663,in_service
3,445,664,in_service
4,446,665,out_of_service
5,447,666,in_service
6,448,667,in_service
7,449,668,in_service
8,450,669,in_service
10,452,671,in_service
11,453,672,out_of_service
12,454,673,in_service
13,455,674,out_of_service
14,456,675,out_of_service
15,457,676,out_of_service
16,458,677,in_service
17,459,678,in_service
18,460,679,in_service
20,462,681,in_service
21,463,682,out_of_service
22,464,683,in_service
23,465,684,out_of_service
24,466,685,out_of_service
25,467,686,in_service
26,468,687,in_service
27,469,,out_of_service
28,470,689,out_of_service
29,471,690,in_service
30,472,691,in_service
31,473,692,in_service
32,474,693,out_of_service
33,475,694,in_service
34,476,695,out_of_service
35,477,696,out_of_service
36,478,697,out_of_service
37,479,698,in_service
38,480,699,in_service
39,481,700,in_service
40,482,701,out_of_service
41,483,702,in_service
42,484,703,in_service
43,485,704,in_service
44,486,705,out_of_service
45,487,706,out_of_service
46,488,707,in_service
47,489,708,out_of_service
48,490,709,in_service
49,491,,in_service
50,492,711,out_of_service
51,493,712,in_service
52,494,713,out_of_service
53,495,714,out_of_service
54,496,715,in_service
55,497,716,out_of_service
56,498,717,in_service
57,499,718,out_of_service
58,500,719,out_of_service
59,501,720,in_service
60,502,721,in_service
61,503,722,in_service
62,504,723,out_of_service
63,505,724,out_of_service
64,506,725,out_of_service
65,507,726,in_service
66,508,727,out_of_service
67,509,728,in_service
68,510,729,out_of_service
69,511,730,in_service
70,512,731,in_service
71,513,732,in_service
72,514,733,in_service
73,515,,out_of_service
74,516,735,in_service
75,517,736,in_service
77,519,738,out_of_service
78,520,739,in_service
79,521,740,out_of_service
80,522,741,out_of_service
82,524,743,out_of_service
83,525,744,in_service
84,526,745,in_service
85,527,746,out_of_service
86,528,747,out_of_service
87,529,748,in_service
88,530,749,out_of_service
90,532,751,in_service
91,533,752,in_service
92,534,753,out_of_service
94,536,755,in_service
95,537,756,in_service
96,538,757,in_service
97,539,758,out_of_service
98,540,759,in_service
99,541,760,in_service
100,542,761,out_of_service
101,543,762,out_of_service
102,544,763,out_of_service
103,545,764,out_of_service
104,546,765,out_of_service
105,547,766,out_of_service
106,548,767,in_service
107,549,768,in_service
108,550,769,in_service
109,551,770,out_of_service
110,552,771,in_service
111,553,772,in_service
112,554,773,in_service
113,555,774,in_service
114,556,775,in_service
115,557,776,in_service
116,558,777,in_service
117,559,778,in_service
118,560,779,out_of_service
119,561,780,out_of_service
120,562,781,out_of_service
121,563,782,out_of_service
122,564,783,out_of_service
123,565,784,in_service
124,566,785,out_of_service
125,567,786,in_service
126,568,2992,in_service
127,569,788,in_service
128,570,789,in_service
129,571,790,in_service
130,572,791,in_service
131,573,792,in_service
132,574,793,out_of_service
133,575,794,in_service
134,576,795,out_of_service
135,577,796,out_of_service
136,578,797,in_service
137,2290,798,out_of_service
138,580,799,out_of_service
139,581,800,in_service
140,582,801,in_service
141,583,802,out_of_service
142,584,803,in_service
143,585,804,in_service
144,586,805,in_service
145,587,806,out_of_service
146,588,807,in_service
147,589,808,out_of_service
148,590,809,in_service
149,591,810,out_of_service
150,592,811,out_of_service
151,593,812,out_of_service
152,594,813,out_of_service
153,595,814,out_of_service
154,596,815,in_service
155,597,816,in_service
156,598,817,out_of_service
157,599,818,out_of_service
158,600,819,in_service
159,601,820,in_service
160,602,821,out_of_service
161,603,822,in_service
162,604,823,out_of_service
163,605,824,out_of_service
164,606,825,out_of_service
165,607,826,out_of_service
166,608,827,out_of_service
167,609,828,in_service
168,610,829,out_of_service
169,611,830,in_service
170,612,831,in_service
171,613,832,out_of_service
172,614,833,in_service
173,615,834,in_service
174,616,835,in_service
175,617,,out_of_service
176,618,837,in_service
177,619,,out_of_service
178,620,839,in_service
179,621,840,in_service
180,622,841,out_of_service
181,623,,out_of_service
182,624,843,out_of_service
183,625,844,in_service
184,626,845,in_service
185,627,846,out_of_service
186,628,847,out_of_service
187,629,848,in_service
188,630,849,out_of_service
189,631,850,out_of_service
190,632,851,out_of_service
191,633,852,in_service
192,634,853,in_service
193,635,854,out_of_service
194,636,855,out_of_service
195,637,856,in_service
196,638,857,in_service
197,639,858,in_service
198,640,859,in_service
199,641,860,out_of_service
200,642,861,out_of_service
201,643,862,out_of_service
202,644,863,out_of_service
203,645,,out_of_service
204,646,865,in_service
205,647,866,in_service
206,648,867,out_of_service
207,649,868,in_service
208,650,869,out_of_service
209,651,870,out_of_service
210,652,871,in_service
211,653,872,out_of_service
212,654,873,out_of_service
213,655,874,out_of_service
214,656,875,out_of_service
216,658,877,out_of_service
217,659,878,in_service
218,660,879,out_of_service
219,661,880,out_of_service
4566,1871,,out_of_service
4567,1872,,out_of_service
4568,1873,,out_of_service
4569,1874,,out_of_service
4570,1875,2995,out_of_service
4571,1876,,in_service
4572,1877,2996,in_service
4573,1878,3336,in_service
4574,1879,,out_of_service
4575,1880,,in_service
4576,1881,,in_service
4577,1882,,in_service
4578,1883,,in_service
4579,1884,,out_of_service
4580,1885,,in_service
4581,1886,,out_of_service
4582,1887,,out_of_service
4583,1888,,in_service
4584,1889,,out_of_service
4585,1890,,out_of_service
4587,1892,,in_service
4588,1893,,in_service
4589,1894,2798,in_service
4590,1895,,out_of_service
4591,1896,,out_of_service
4592,1897,,out_of_service
4593,1898,,in_service
4594,1899,,in_service
4595,1900,2783,out_of_service
4596,1901,,in_service
4597,1902,,out_of_service
4598,1903,,in_service
4599,1904,,in_service
4600,1905,3303,in_service
4601,1906,,out_of_service
4602,1907,,in_service
4603,1908,,in_service
4604,1909,,out_of_service
4605,1910,,out_of_service
4606,1911,,out_of_service
4607,1912,,out_of_service
4608,1913,2789,in_service
4609,1914,,in_service
4610,1915,,in_service
4612,1917,,out_of_service
4613,1918,,in_service
4614,1919,,out_of_service
4615,1920,,in_service
4616,1921,,in_service
4617,1922,2885,in_service
4618,1923,,out_of_service
4619,1924,,out_of_service
4620,1925,,in_service
4621,1926,,in_service
4622,1927,,in_service
4623,1928,,in_service
4624,1929,,out_of_service
4625,1930,,out_of_service
4626,1931,,in_service
4627,1932,3180,out_of_service
4628,1933,,in_service
4629,1934,,in_service
4630,1935,,out_of_service
4631,1936,,out_of_service
4632,1937,,in_service
4633,1938,,in_service
4634,1939,,out_of_service
4635,1940,,out_of_service
4636,1941,,in_service
4637,1942,,out_of_service
4638,1943,,out_of_service
4639,1944,,out_of_service
4640,1945,,out_of_service
4641,1946,,out_of_service
4642,1947,,out_of_service
4643,1948,,in_service
4644,1949,,out_of_service
4645,1950,,out_of_service
4646,1951,,out_of_service
4647,1952,,out_of_service
4648,1953,,out_of_service
4649,1954,,out_of_service
4650,1955,,out_of_service
4651,1956,2797,in_service
4652,1957,,out_of_service
4653,1958,,out_of_service
4654,1959,,out_of_service
4655,1960,3193,out_of_service
4656,1961,,in_service
4657,1962,,out_of_service
4658,1963,,in_service
4659,1964,,in_service
4660,1965,,in_service
4661,1966,,out_of_service
4662,1967,,in_service
4663,1968,,in_service
4664,1969,,out_of_service
4665,1970,,out_of_service
4666,1971,,out_of_service
4667,1972,,out_of_service
4668,1973,,out_of_service
4669,1974,,in_service
4670,1975,,out_of_service
4671,1976,,in_service
4672,1977,,out_of_service
4673,1978,,in_service
4674,1979,,in_service
4675,1980,,out_of_service
4676,1981,,out_of_service
4677,1982,,in_service
4678,1983,,in_service
4679,1984,,out_of_service
4680,1985,,out_of_service
4681,1986,,in_service
4682,1987,,out_of_service
4683,1988,,out_of_service
4684,1989,,in_service
4685,1990,,in_service
4686,1991,,out_of_service
4687,1992,,out_of_service
4688,1993,,in_service
4689,1994,,out_of_service
4690,1995,,in_service
4691,1996,,in_service
4692,1997,,out_of_service
4693,1998,,in_service
4694,1999,,in_service
4695,2000,3304,in_service
4696,2001,,out_of_service
4697,2002,,out_of_service
4698,2003,,in_service
4699,2004,,in_service
4700,2005,,out_of_service
4701,2006,,out_of_service
4702,2007,,out_of_service
4703,2008,2886,in_service
4704,2009,,out_of_service
4705,2010,,out_of_service
4706,2011,,in_service
4707,2012,,in_service
4708,2013,,in_service
4709,2014,,out_of_service
4710,2015,,out_of_service
4711,2016,,out_off_service_for_dying
4712,2017,,out_of_service
4713,2018,,out_of_service
4714,2019,,in_service
4715,2020,,out_of_service
4716,2021,2860,in_service
4717,2022,,out_of_service
4718,2023,,out_of_service
4719,2024,,out_of_service
4720,2025,,out_of_service
4721,2026,,out_of_service
4723,2028,,out_of_service
4724,2029,,in_service
4725,2030,,in_service
4726,2031,,in_service
4727,2032,,out_of_service
4729,2034,3244,in_service
4730,2035,3305,in_service
4731,2036,,out_of_service
4732,2037,,out_of_service
4733,2038,,in_service
4734,2039,2771,in_service
4735,2040,,in_service
4736,2041,,out_of_service
4737,2042,,in_service
4738,2043,,in_service
4739,2044,,out_of_service
4740,2045,,out_of_service
4741,2046,2847,in_service
4742,2047,,out_of_service
4743,2048,2887,in_service
4744,2049,,out_of_service
4745,2050,,out_of_service
4746,2051,2848,in_service
4747,2052,,out_of_service
4748,2053,,in_service
4750,2055,,in_service
4751,2056,,in_service
4752,2057,,out_of_service
4753,2058,2842,out_of_service
4754,2059,,out_of_service
4755,2060,,in_service
4756,2061,2997,in_service
4757,2062,,out_of_service
4758,2063,2998,in_service
4759,2064,,out_of_service
4760,2065,,out_of_service
4761,2066,,in_service
4762,2067,,in_service
4763,2068,,in_service
4764,2069,,out_of_service
4765,2070,,in_service
4766,2071,,out_of_service
4767,2072,,out_of_service
4768,2073,,out_of_service
4770,2075,,in_service
4771,2076,2999,in_service
4772,2077,,out_of_service
4773,2078,,in_service
4774,2079,,out_of_service
4775,2080,,in_service
4776,2081,,out_of_service
4777,2082,,out_of_service
4778,2083,,out_of_service
4779,2084,,out_of_service
4780,2085,,in_service
4781,2086,,in_service
4782,2087,,out_of_service
4783,2088,,out_of_service
4784,2089,,in_service
4785,2090,,out_of_service
4786,2091,,in_service
4787,2092,,in_service
4788,2093,3000,in_service
4789,2094,,out_of_service
4790,2095,,in_service
4791,2096,,out_of_service
4792,2097,,out_of_service
4793,2098,,in_service
4794,2099,,in_service
4795,2100,3306,in_service
4796,2101,,in_service
4797,2102,,in_service
4798,2103,,out_of_service
4799,2104,,out_of_service
4800,2105,,out_of_service
4801,2106,,out_of_service
4802,2107,,out_of_service
4803,2108,3247,in_service
4804,2109,2888,out_of_service
4805,2110,2780,in_service
4806,2111,,out_of_service
4807,2112,,in_service
4808,2113,,out_of_service
4809,2114,,out_of_service
4810,2115,,out_of_service
4811,2116,,out_of_service
4812,2117,,in_service
4813,2118,,out_of_service
4814,2119,,out_of_service
4815,2120,,out_of_service
4816,2121,,out_of_service
4817,2122,,out_of_service
4818,2123,,in_service
4819,2124,,in_service
4820,2125,,out_of_service
4821,2126,,out_of_service
4822,2127,,in_service
4823,2128,3335,in_service
4824,2129,,out_of_service
4825,2130,,out_of_service
4826,2131,,out_of_service
4827,2132,,out_of_service
4828,2133,,in_service
4829,2134,,out_of_service
4830,2135,3307,in_service
4831,2136,,in_service
4832,2137,,in_service
4833,2138,,out_of_service
4834,2139,,in_service
4835,2140,,in_service
4836,2141,2751,in_service
4837,2142,,out_of_service
4838,2143,,out_of_service
4839,2144,3308,out_of_service
4840,2145,3309,in_service
4841,2146,,out_of_service
4842,2147,2889,in_service
4843,2148,,out_of_service
4844,2149,,in_service
4845,2150,,out_of_service
4846,2151,,out_of_service
4847,2152,,in_service
4848,2153,3310,in_service
4849,2154,,in_service
4850,2155,,out_of_service
4851,2156,3893,out_of_service
4852,2157,,out_of_service
4853,2158,,in_service
4854,2159,,in_service
4855,2160,,out_of_service
4856,2161,,out_of_service
4857,2162,,in_service
4858,2163,3311,in_service
4859,2164,,out_of_service
4860,2165,,out_of_service
4861,2166,,in_service
4862,2167,2788,in_service
4863,2168,,in_service
4864,2169,,in_service
4865,2170,,out_of_service
4866,2171,,out_of_service
4867,2172,,out_of_service
4868,2173,,out_of_service
4869,2174,,out_of_service
4870,2175,,out_of_service
4871,2176,,out_of_service
4872,2177,,out_of_service
4873,2178,,in_service
4874,2179,,in_service
4875,2180,,out_of_service
4876,2181,,out_of_service
4877,2182,,in_service
4878,2183,2794,in_service
4879,2184,,in_service
4880,2185,,in_service
4881,2186,,out_of_service
4882,2187,,out_of_service
4883,2188,,in_service
4884,2189,,in_service
4885,2190,,in_service
4886,2191,2864,in_service
4887,2192,,in_service
4888,2193,,in_service
4889,2194,,out_of_service
4890,2195,,in_service
4891,2196,,in_service
4892,2197,,in_service
4893,2198,,out_of_service
4894,2199,,out_of_service
4895,2200,3246,in_service
4896,2201,3245,in_service
4897,2202,,in_service
4898,2203,,out_of_service
4899,2204,2895,in_service
4900,2205,,in_service
4901,2206,,in_service
4902,2207,,out_of_service
4903,2208,,in_service
4904,2209,,out_of_service
4905,2210,,in_service
4906,2211,,in_service
4907,2212,,out_of_service
4908,2213,,out_of_service
4909,2214,,out_of_service
4910,2215,2849,in_service
4911,2216,3001,in_service
4912,2217,,in_service
4913,2218,,in_service
4914,2219,,out_of_service
4915,2220,,out_of_service
4916,2221,,out_of_service
4917,2222,,out_of_service
4918,2223,,in_service
4919,2224,,in_service
4920,2225,,in_service
4921,2226,,out_of_service
4922,2227,3002,in_service
4923,2228,2747,in_service
4924,2229,,out_of_service
4925,2230,,out_of_service
4926,2231,,out_of_service
4927,2232,,out_of_service
4928,2233,,out_of_service
4929,2234,,out_of_service
4930,2235,3906,in_service
4931,2236,,out_of_service
4932,2237,2866,out_of_service
4933,2238,2790,in_service
4934,2239,,out_of_service
4935,2240,,in_service
4936,2241,,in_service
4937,2242,,out_of_service
4938,2243,,out_of_service
4939,2244,,out_of_service
4940,2245,,out_of_service
4941,2246,,out_of_service
4942,2247,,out_of_service
4943,2248,,out_of_service
4944,2249,,out_of_service
4945,2250,,in_service
4946,2251,,out_of_service
4947,2252,,out_of_service
4948,2253,,out_of_service
4949,2254,,in_service
4950,2255,,out_of_service
4951,2256,,out_of_service
4952,2257,,out_of_service
4953,2258,,in_service
4954,2259,,in_service
4955,2260,,out_of_service
4956,2261,,in_service
4957,2262,,in_service
4958,2263,,out_of_service
4959,2264,,out_of_service
4960,2265,,out_of_service
4961,2266,,out_of_service
4962,2267,,in_service
4963,2268,,out_of_service
4964,2269,,in_service
4965,2270,,out_of_service
4966,2271,,out_of_service
4967,2272,,out_of_service
4968,2273,,in_service
4969,2274,,out_of_service
4971,2276,,out_of_service
4972,2277,,out_of_service
4973,2278,,in_service
4974,2279,,out_of_service
4975,2280,,in_service
4976,2281,,out_of_service
4977,2282,,out_of_service
4978,2283,,out_of_service
4979,2284,,in_service
4980,2285,2791,in_service
4981,2286,,out_of_service
4982,2287,3889,in_service
4984,2289,,out_of_service
4986,2291,,out_of_service
4987,2292,,out_of_service
4988,2293,,out_of_service
4989,2294,,out_of_service
4990,2295,,out_of_service
4991,2296,,in_service
4992,2297,,out_of_service
4993,2298,,in_service
4994,2299,3313,in_service
4995,2300,,out_of_service
4996,2301,,in_service
4997,2302,,out_of_service
4998,2303,2776,in_service
4999,2304,,out_of_service
5000,2305,,in_service
5001,2306,,out_of_service
5002,2307,,in_service
5003,2308,,out_of_service
5004,2309,3003,out_of_service
5005,2310,,out_of_service
5006,2311,3004,out_of_service
5007,2312,,in_service
5008,2313,,in_service
5009,2314,,out_of_service
5010,2315,,out_of_service
5011,2316,,in_service
5012,2317,,in_service
5013,2318,,out_of_service
5014,2319,,in_service
5015,2320,,in_service
5017,2322,,in_service
5018,2323,,in_service
5019,2324,,in_service
5020,2325,,in_service
5021,2326,,in_service
5022,2327,,out_of_service
5023,2328,,out_of_service
5024,2329,,out_of_service
5025,2330,,out_of_service
5026,2331,3005,out_of_service
5027,2332,,in_service
5028,2333,,in_service
5029,2334,,out_of_service
5030,2335,,out_of_service
5031,2336,,out_of_service
5032,2337,3006,in_service
5033,2338,,out_of_service
5034,2339,2777,in_service
5035,2340,,in_service
5036,2341,,out_of_service
5037,2342,,out_of_service
5038,2343,,in_service
5039,2344,,in_service
5040,2345,3896,out_of_service
5041,2346,,out_of_service
5042,2347,,out_of_service
5043,2348,,out_of_service
5044,2349,,out_of_service
5045,2350,,out_of_service
5046,2351,2785,in_service
5047,2352,,out_of_service
5048,2353,,in_service
5049,2354,3007,in_service
5050,2355,,in_service
5051,2356,,out_of_service
5052,2357,,in_service
5053,2358,,out_of_service
5054,2359,,out_of_service
5055,2360,,out_of_service
5056,2361,,in_service
5058,2363,,in_service
5059,2364,2841,in_service
5060,2365,,in_service
5061,2366,,out_of_service
5062,2367,,in_service
5063,2368,,out_of_service
5064,2369,,in_service
5065,2370,,in_service
5066,2371,,out_of_service
5067,2372,,in_service
5068,2373,,in_service
5069,2374,,in_service
5070,2375,,out_of_service
5071,2376,,in_service
5072,2377,,in_service
5073,2378,,out_of_service
5074,2379,,out_of_service
5075,2380,,out_of_service
5076,2381,2890,in_service
5077,2382,,in_service
5078,2383,,in_service
5079,2384,,in_service
5080,2385,,in_service
5081,2386,,out_of_service
5082,2387,,in_service
5084,2389,,out_of_service
5086,2391,,out_of_service
5087,2392,,out_of_service
5088,2393,,in_service
5089,2394,,out_of_service
5090,2395,,out_of_service
5091,2396,,out_of_service
5092,2397,2852,in_service
5093,2398,,in_service
5094,2399,,in_service
5095,2400,,in_service
5096,2401,,in_service
5097,2402,2795,in_service
5098,2403,,out_of_service
5099,2404,,out_of_service
5100,2405,,in_service
5101,2406,,out_of_service
5102,2407,,in_service
5103,2408,,in_service
5104,2409,,out_of_service
5105,2410,,in_service
5106,2411,,in_service
5107,2412,,out_of_service
5108,2413,,out_of_service
5109,2414,,out_of_service
5110,2415,,out_of_service
5111,2416,,out_of_service
5112,2417,,in_service
5113,2418,,out_of_service
5114,2419,,out_of_service
5115,2420,,in_service
5116,2421,,out_of_service
5117,2422,3008,in_service
5118,2423,,out_of_service
5119,2424,,in_service
5120,2425,2891,in_service
5121,2426,,out_of_service
5122,2427,3009,in_service
5123,2428,,out_of_service
5124,2429,,out_of_service
5125,2430,,in_service
5126,2431,,in_service
5127,2432,,out_of_service
5128,2433,,out_of_service
5129,2434,,in_service
5130,2435,,out_of_service
5131,2436,,out_of_service
5132,2437,,in_service
5133,2438,,out_of_service
5134,2439,,out_of_service
5135,2440,,out_of_service
5136,2441,,out_of_service
5137,2442,3338,out_of_service
5138,2443,,out_of_service
5139,2444,3010,in_service
5140,2445,,out_of_service
5141,2446,,in_service
5142,2447,,out_of_service
5143,2448,2786,in_service
5144,2449,,in_service
5145,2450,3011,in_service
5146,2451,3012,out_of_service
5147,2452,3908,in_service
5148,2453,,in_service
5149,2454,,in_service
5150,2455,,in_service
5151,2456,,in_service
5152,2457,,out_of_service
5153,2458,,out_of_service
5154,2459,,out_of_service
5155,2460,,in_service
5156,2461,,in_service
5157,2462,,in_service
5158,2463,3314,in_service
5159,2464,,out_of_service
5160,2465,,in_service
5161,2466,,in_service
5162,2467,,out_of_service
5163,2468,,out_of_service
5164,2469,,out_of_service
5165,2470,,out_of_service
5166,2471,2778,in_service
5167,2472,,out_of_service
5168,2473,,in_service
5169,2474,,out_of_service
5170,2475,,in_service
5171,2476,,out_of_service
5172,2477,,out_of_service
5173,2478,,out_of_service
5174,2479,,out_of_service
5175,2480,,out_of_service
5177,2482,2843,in_service
5178,2483,,in_service
5179,2484,,in_service
5180,2485,,out_of_service
5181,2486,,out_of_service
5182,2487,3013,in_service
5183,2488,,out_of_service
5184,2489,,out_of_service
5185,2490,,out_of_service
5186,2491,,in_service
5187,2492,,out_of_service
5188,2493,2782,in_service
5189,2494,,out_of_service
5190,2495,,in_service
5191,2496,,out_of_service
5192,2497,3014,out_of_service
5194,2499,,in_service
5195,2500,,out_of_service
5196,2501,,out_of_service
5197,2502,,out_of_service
5198,2503,,out_of_service
5199,2504,,in_service
5200,2505,,out_of_service
5201,2506,,in_service
5202,2507,,out_of_service
5203,2508,,out_of_service
5204,2509,,out_of_service
5205,2510,,in_service
5206,2511,,out_of_service
5207,2512,,in_service
5208,2513,,out_of_service
5209,2514,,out_of_service
5210,2515,,out_of_service
5211,2516,,in_service
5212,2517,,out_of_service
5213,2518,,out_of_service
5214,2519,,out_of_service
5215,2520,,out_of_service
5216,2521,,in_service
5217,2522,,out_of_service
5218,2523,,out_of_service
5219,2524,,in_service
5220,2525,,in_service
5221,2526,,out_of_service
5222,2527,,out_of_service
5223,2528,,out_of_service
5225,2530,,in_service
5226,2531,,in_service
5227,2532,,out_of_service
5228,2533,,out_of_service
5229,2534,,in_service
5230,2535,,out_of_service
5231,2536,,out_of_service
5232,2537,2779,in_service
5233,2538,,out_of_service
5234,2539,,out_of_service
5235,2540,,in_service
5236,2541,2793,in_service
5237,2542,,out_of_service
5238,2543,,in_service
5239,2544,3016,in_service
5240,2545,,out_of_service
5241,2546,,out_of_service
5242,2547,3017,in_service
5243,2548,,out_of_service
5244,2549,,in_service
5245,2550,,out_of_service
5246,2551,,in_service
5247,2552,,in_service
5248,2553,,out_of_service
5249,2554,,in_service
5250,2555,,in_service
5251,2556,3890,out_of_service
5252,2557,,out_of_service
5253,2558,,out_of_service
5254,2559,,out_of_service
5255,2560,,in_service
5256,2561,,in_service
5257,2562,2893,in_service
5258,2563,,in_service
5259,2564,,in_service
5260,2565,2863,in_service
5261,2566,,in_service
5262,2567,,out_of_service
5263,2568,,in_service
5264,2569,,in_service
5265,2570,,in_service
5266,2571,,in_service
5267,2572,,in_service
5268,2573,,out_of_service
5269,2574,,out_of_service
5270,2575,,out_of_service
5271,2576,,out_of_service
5272,2577,,out_of_service
5273,2578,,out_of_service
5274,2579,,out_of_service
5275,2580,,out_of_service
5276,2581,,out_of_service
5277,2582,,out_of_service
5278,2583,,out_of_service
5279,2584,,in_service
5280,2585,,out_of_service
5281,2586,,out_of_service
5282,2587,,out_of_service
5283,2588,,out_of_service
5284,2589,,out_of_service
5285,2590,,in_service
5286,2591,,out_of_service
5287,2592,,in_service
5288,2593,3018,out_of_service
5289,2594,,out_of_service
5290,2595,,in_service
5291,2596,,out_of_service
5292,2597,,in_service
5293,2598,,in_service
5294,2599,3019,out_of_service
5295,2600,,out_of_service
5296,2601,,out_of_service
5297,2602,2796,in_service
5298,2603,,in_service
5299,2604,,in_service
5300,2605,,out_of_service
5301,2606,,out_of_service
5302,2607,,in_service
5303,2608,,out_of_service
5304,2609,,out_of_service
5305,2610,,out_of_service
5306,2611,,in_service
5307,2612,,out_of_service
5308,2613,,in_service
5309,2614,,out_of_service
5310,2615,,in_service
5311,2616,3020,in_service
5312,2617,,out_of_service
5313,2618,,out_of_service
5314,2619,3021,in_service
5315,2620,,out_of_service
5316,2621,,in_service
5317,2622,2850,in_service
5318,2623,,in_service
5319,2624,3315,in_service
5320,2625,,in_service
5321,2626,,in_service
5322,2627,,in_service
5323,2628,,in_service
5324,2629,3022,out_of_service
5325,2630,,out_of_service
5326,2631,,in_service
5327,2632,,out_of_service
5328,2633,,out_of_service
5329,2634,,in_service
5330,2635,,in_service
5331,2636,,in_service
5332,2637,,out_of_service
5333,2638,,in_service
5334,2639,,in_service
5335,2640,,out_of_service
5336,2641,,out_of_service
5337,2642,,in_service
5338,2643,,out_of_service
5339,2644,,out_of_service
5340,2645,,out_of_service
5341,2646,,in_service
5342,2647,2792,in_service
5343,2648,,in_service
5344,2649,,out_of_service
5345,2650,,out_of_service
5346,2651,,in_service
5347,2652,,out_of_service
5348,2653,3023,in_service
5349,2654,,out_of_service
5350,2655,,in_service
5351,2656,,out_of_service
5352,2657,,in_service
5353,2658,,out_of_service
5354,2659,,out_of_service
5355,2660,,out_of_service
5356,2661,,in_service
5357,2662,,out_of_service
5358,2663,3316,in_service
5359,2664,,out_of_service
5360,2665,,out_of_service
5361,2666,,out_of_service
5362,2667,,in_service
5363,2668,,in_service
5364,2669,,in_service
5365,2670,2781,in_service
5366,2671,,out_of_service
5367,2672,3317,out_of_service
5368,2673,,in_service
5369,2674,,out_of_service
5370,2675,,in_service
5371,2676,,in_service
5372,2677,,out_of_service
5373,2678,3318,in_service
5374,2679,,out_of_service
5375,2680,,out_of_service
5376,2681,3163,out_of_service
5377,2682,,out_of_service
5378,2683,,out_of_service
5380,2685,,in_service
5381,,2686,in_service
5382,2687,3328,in_service
5383,2688,3319,in_service
5384,2689,,in_service
5385,2690,,in_service
5386,2691,,out_of_service
5387,2692,,in_service
5388,2693,2894,in_service
5389,2694,,out_of_service
5390,2695,,in_service
5391,2696,,out_of_service
5392,2697,3320,in_service
5393,2698,,in_service
5394,2699,,in_service
5395,2700,3321,in_service
5396,2701,,out_of_service
5397,2702,,out_of_service
5398,2703,,out_of_service
5399,2704,,out_of_service
5400,2705,3024,out_of_service
5401,2706,3025,in_service
5402,2707,,out_of_service
5403,2708,,out_of_service
5404,2709,,in_service
5405,2710,,out_of_service
5406,2711,,in_service
5407,2712,,in_service
5408,2713,,in_service
5409,2714,,out_of_service
5410,2715,2787,in_service
5411,2716,,out_of_service
5412,2717,,out_of_service
5413,2718,,in_service
5414,2719,,in_service
5415,2720,,out_of_service
5416,2721,,out_of_service
5417,2722,,out_of_service
5418,2723,,in_service
5419,2724,,out_of_service
5420,2725,3323,out_of_service
5421,2726,,out_of_service
5422,2727,,out_of_service
5423,2728,,out_of_service
5424,2729,,in_service
5425,2730,,out_of_service
5426,2731,,out_of_service
5427,2732,,in_service
5428,2733,,in_service
5429,2734,2784,in_service
5431,2736,,in_service
5508,2054,2738,in_service
5509,,2739,in_service
5510,,2740,in_service
5512,,2742,in_service
5514,3066,2744,in_service
5516,,2746,in_service
5518,,2748,in_service
5519,,2749,in_service
5520,,2750,in_service
5523,,2753,in_service
5526,,2756,in_service
5527,,2757,in_service
5528,3248,2758,in_service
5529,,2759,in_service
5532,3249,2762,in_service
5533,,2763,in_service
5535,,2765,in_service
5537,,2767,in_service
5538,,2768,out_of_service
5544,,2774,in_service
5598,,2833,in_service
5599,,2834,in_service
5600,2964,2835,in_service
5602,,2837,in_service
5603,,2838,in_service
5604,3031,2839,in_service
5605,,2840,out_of_service
5607,,2844,in_service
5608,,2845,in_service
5611,,2851,out_of_service
5613,,2853,in_service
5614,,2854,in_service
5615,,2855,in_service
5616,,2856,in_service
5617,,2857,in_service
5618,,2858,in_service
5619,,2859,in_service
5621,,2861,in_service
5622,2074,2862,in_service
5623,,2865,in_service
5625,,2896,in_service
5626,,2897,in_service
5627,,2898,in_service
5628,,2899,in_service
5737,2900,,in_service
5738,2901,,out_of_service
5739,2902,,out_of_service
5740,2903,3903,in_service
5742,2905,,out_of_service
5743,2906,,out_of_service
5744,2907,,out_of_service
5745,2908,,out_of_service
5746,2909,,in_service
5748,2911,,in_service
5749,2912,,out_of_service
5750,2913,,in_service
5751,2914,,out_of_service
5752,2915,3026,in_service
5753,2916,680,out_of_service
5754,2917,,in_service
5755,2918,,in_service
5756,2919,,out_of_service
5757,2920,,out_of_service
5758,2921,,in_service
5759,2922,,out_of_service
5761,2924,,out_of_service
5762,2925,,out_of_service
5763,2926,,out_of_service
5764,2927,,in_service
5765,2928,,in_service
5767,2930,,in_service
5768,2931,,in_service
5769,2932,,out_of_service
5770,2933,,out_of_service
5771,2934,,in_service
5772,2935,,out_of_service
5773,2936,,out_of_service
5774,2937,,in_service
5775,2938,,in_service
5776,2939,,out_of_service
5778,2941,,out_of_service
5779,2942,,out_of_service
5780,2943,,in_service
5781,2944,,out_of_service
5782,2945,,out_of_service
5783,2946,,out_of_service
5784,2947,,out_of_service
5785,2948,3027,out_of_service
5786,2949,,out_of_service
5787,2950,3324,in_service
5788,2951,,in_service
5789,2952,3325,out_of_service
5791,2954,,out_of_service
5792,2955,,out_of_service
5794,2957,,in_service
5795,2958,,in_service
5796,2959,,out_of_service
5798,2961,,out_of_service
5799,2962,,out_of_service
5800,2963,,out_of_service
5802,2965,,in_service
5803,2966,,out_of_service
5804,2967,,in_service
5806,2969,,in_service
5807,2970,,in_service
5808,2971,3029,out_of_service
5809,2972,,out_of_service
5810,2973,,out_of_service
5811,2974,,out_of_service
5812,2975,3030,in_service
5813,2976,3326,out_of_service
5815,2978,,out_of_service
5816,2979,,out_of_service
5817,2980,,in_service
5818,2981,,in_service
5819,2982,,out_of_service
5820,2983,,out_of_service
5821,2984,,out_of_service
5822,2985,,out_of_service
5823,2986,,out_of_service
5824,2987,,in_service
5825,2988,,out_of_service
5826,3032,3102,in_service
5827,3033,3103,out_of_service
5828,3034,3104,in_service
5829,3035,3105,in_service
5830,3036,3106,in_service
5831,3037,3107,in_service
5832,3038,3108,in_service
5833,3039,3109,in_service
5834,3040,3110,in_service
5835,3041,3111,in_service
5836,3042,3112,in_service
5837,3043,3113,in_service
5838,3044,3114,in_service
5840,3046,3116,in_service
5841,3047,3117,in_service
5842,3048,3118,in_service
5843,3049,3119,out_of_service
5844,3050,3120,out_of_service
5845,3051,3121,in_service
5846,3052,3122,out_of_service
5847,3053,3123,in_service
5848,3054,3124,out_of_service
5849,3055,3125,out_of_service
5850,3056,3126,out_of_service
5851,3057,3127,out_of_service
5852,3058,3128,out_of_service
5853,3059,3129,out_of_service
5854,3060,3130,out_of_service
5855,3061,3131,out_of_service
5856,3062,3132,out_of_service
5857,3063,3133,out_of_service
5858,3064,3134,in_service
5859,3065,3135,out_of_service
6024,,3138,out_of_service
6025,,3139,in_service
6026,,3140,in_service
6027,,3141,in_service
6029,,3143,in_service
6030,,3144,in_service
6031,,3145,out_of_service
6032,,3146,out_of_service
6033,,3147,out_of_service
6034,,3148,out_of_service
6035,,3149,out_of_service
6036,,3150,out_of_service
6037,,3151,out_of_service
6038,,3152,out_of_service
6040,,3154,out_of_service
6041,,3155,out_of_service
6042,,3156,in_service
6043,,3157,out_of_service
6044,,3158,out_of_service
6045,,3159,out_of_service
6046,,3160,out_of_service
6047,,3161,out_of_service
6048,,3162,out_of_service
6050,,3164,out_of_service
6051,,3165,out_of_service
6052,,3166,in_service
6053,,3167,out_of_service
6055,,3169,in_service
6056,,3170,out_of_service
6057,,3171,out_of_service
6058,,3172,out_of_service
6059,,3173,in_service
6060,,3174,out_of_service
6062,,3176,out_of_service
6063,,3177,out_of_service
6064,,3178,out_of_service
6065,,3179,out_of_service
6067,,3181,out_of_service
6068,,3182,out_of_service
6069,,3183,out_of_service
6070,,3184,out_of_service
6071,,3185,out_of_service
6073,,3187,out_of_service
6074,,3188,out_of_service
6075,,3189,out_of_service
6076,,3190,out_of_service
6077,,3191,out_of_service
6078,,3192,out_of_service
6080,,3194,out_of_service
6081,,3195,out_of_service
6082,,3196,out_of_service
6083,,3197,out_of_service
6084,,3198,out_of_service
6085,,3199,out_of_service
6086,,3200,out_of_service
6087,,3201,out_of_service
6088,,3202,out_of_service
6089,,3203,out_of_service
6090,,3204,out_of_service
6091,,3205,out_of_service
6092,,3206,out_of_service
6093,,3207,out_of_service
6094,,3208,out_of_service
6095,,3209,out_of_service
6096,,3210,out_of_service
6098,,3212,out_of_service
6099,,3213,out_of_service
6100,,3214,out_of_service
6101,,3215,out_of_service
6102,,3216,out_of_service
6103,,3217,out_of_service
6138,3262,3256,in_service
6139,3263,3257,out_of_service
6140,3264,3258,in_service
6141,,3259,in_service
6142,3265,3260,in_service
6143,3266,3261,in_service
6144,,3289,out_of_service
6145,,3290,out_of_service
6146,3291,,out_of_service
6147,3293,3327,out_of_service
6148,3294,3329,out_of_service
6149,3295,3330,out_of_service
6150,3296,3331,in_service
6151,3297,3332,out_of_service
6152,3298,3333,out_of_service
6153,3299,3334,out_of_service
6155,3608,,out_of_service
6156,3609,,out_of_service
6157,3610,,out_of_service
6158,3611,,out_of_service
6159,3612,,out_of_service
6160,3613,3911,out_of_service
6161,3614,,out_of_service
6162,3615,,out_of_service
6163,3616,,out_of_service
6164,3617,,out_of_service
6165,3618,,out_of_service
6166,3619,,out_of_service
6167,3620,,in_service
6168,3621,,out_of_service
6169,3622,,out_of_service
6170,3623,,in_service
6171,3624,,in_service
6172,3625,,out_of_service
6173,3626,,in_service
6180,3931,3932,out_of_service
