[
  {
    "id": 1,
    "area_id": 3,
    "name": "السلك",
    "in_church_service": true
  },
  {
    "id": 2,
    "area_id": 3,
    "name": "السيد الهواري",
    "in_church_service": true
  },
  {
    "id": 3,
    "area_id": 3,
    "name": "حارة عواد سليمان",
    "in_church_service": true
  },
  {
    "id": 4,
    "area_id": 3,
    "name": "حارة قاسم محمد",
    "in_church_service": true
  },
  {
    "id": 5,
    "area_id": 3,
    "name": "حارة المراغي",
    "in_church_service": true
  },
  {
    "id": 6,
    "area_id": 3,
    "name": "حارة محمود مبروك",
    "in_church_service": true
  },
  {
    "id": 7,
    "area_id": 3,
    "name": "الرفاعي",
    "in_church_service": true
  },
  {
    "id": 8,
    "area_id": 3,
    "name": "حارة رجب",
    "in_church_service": true
  },
  {
    "id": 9,
    "area_id": 3,
    "name": "حارة ربيع احمد سليمان",
    "in_church_service": true
  },
  {
    "id": 10,
    "area_id": 3,
    "name": "هاني غالب",
    "in_church_service": true
  },
  {
    "id": 11,
    "area_id": 3,
    "name": "محمد طاهر",
    "in_church_service": true
  },
  {
    "id": 12,
    "area_id": 3,
    "name": "احمد عبد العزيز",
    "in_church_service": true
  },
  {
    "id": 13,
    "area_id": 3,
    "name": "محمد الحاوي",
    "in_church_service": true
  },
  {
    "id": 14,
    "area_id": 3,
    "name": "عمر بن الخطاب",
    "in_church_service": true
  },
  {
    "id": 15,
    "area_id": 3,
    "name": "وهيب رزق",
    "in_church_service": true
  },
  {
    "id": 16,
    "area_id": 3,
    "name": "عمرو بن العاص",
    "in_church_service": true
  },
  {
    "id": 17,
    "area_id": 3,
    "name": "عطفة الجبل",
    "in_church_service": true
  },
  {
    "id": 18,
    "area_id": 3,
    "name": "سعد قاسم",
    "in_church_service": true
  },
  {
    "id": 19,
    "area_id": 3,
    "name": "طه عبد المقصود",
    "in_church_service": true
  },
  {
    "id": 20,
    "area_id": 3,
    "name": "حقي محمد",
    "in_church_service": true
  },
  {
    "id": 21,
    "area_id": 3,
    "name": "سيد محجوب",
    "in_church_service": true
  },
  {
    "id": 22,
    "area_id": 3,
    "name": "اسماعيل عبد الحافظ",
    "in_church_service": true
  },
  {
    "id": 23,
    "area_id": 3,
    "name": "احمد حسن",
    "in_church_service": true
  },
  {
    "id": 24,
    "area_id": 3,
    "name": "ابناء بني سويف",
    "in_church_service": true
  },
  {
    "id": 25,
    "area_id": 3,
    "name": "علام",
    "in_church_service": true
  },
  {
    "id": 26,
    "area_id": 3,
    "name": "الشمباني",
    "in_church_service": true
  },
  {
    "id": 27,
    "area_id": 3,
    "name": "احمد العربي",
    "in_church_service": true
  },
  {
    "id": 28,
    "area_id": 3,
    "name": "عيسوي سليم",
    "in_church_service": true
  },
  {
    "id": 29,
    "area_id": 3,
    "name": "احمد عثمان",
    "in_church_service": true
  },
  {
    "id": 30,
    "area_id": 3,
    "name": "سالم عيسوي",
    "in_church_service": true
  },
  {
    "id": 31,
    "area_id": 3,
    "name": "الجمعية",
    "in_church_service": true
  },
  {
    "id": 32,
    "area_id": 3,
    "name": "ابراهيم عبد الستار",
    "in_church_service": true
  },
  {
    "id": 33,
    "area_id": 3,
    "name": "علام نفادي",
    "in_church_service": true
  },
  {
    "id": 34,
    "area_id": 3,
    "name": "عبدة الدهشوري",
    "in_church_service": true
  },
  {
    "id": 35,
    "area_id": 3,
    "name": "الدهشوري",
    "in_church_service": true
  },
  {
    "id": 36,
    "area_id": 3,
    "name": "الرحمن",
    "in_church_service": true
  },
  {
    "id": 37,
    "area_id": 3,
    "name": "حسن نفادي",
    "in_church_service": true
  },
  {
    "id": 38,
    "area_id": 3,
    "name": "احمد الجابر",
    "in_church_service": true
  },
  {
    "id": 39,
    "area_id": 3,
    "name": "الايمان",
    "in_church_service": true
  },
  {
    "id": 40,
    "area_id": 3,
    "name": "الحسين",
    "in_church_service": true
  },
  {
    "id": 41,
    "area_id": 3,
    "name": "حارة السلك",
    "in_church_service": true
  },
  {
    "id": 42,
    "area_id": 3,
    "name": "رفعت",
    "in_church_service": true
  },
  {
    "id": 43,
    "area_id": 3,
    "name": "عيد عبد العظيم",
    "in_church_service": true
  },
  {
    "id": 44,
    "area_id": 3,
    "name": "محمد عبد الله الشاعر",
    "in_church_service": true
  },
  {
    "id": 45,
    "area_id": 3,
    "name": "عثمان بن عفان",
    "in_church_service": true
  },
  {
    "id": 46,
    "area_id": 3,
    "name": "حارة عتريس",
    "in_church_service": true
  },
  {
    "id": 47,
    "area_id": 3,
    "name": "الشيخ علي محمود",
    "in_church_service": true
  },
  {
    "id": 48,
    "area_id": 3,
    "name": "حارة سالم مطاوع",
    "in_church_service": true
  },
  {
    "id": 49,
    "area_id": 3,
    "name": "حلمي الطنطاوي",
    "in_church_service": true
  },
  {
    "id": 50,
    "area_id": 3,
    "name": "سيد القرش",
    "in_church_service": true
  },
  {
    "id": 51,
    "area_id": 3,
    "name": "الدكتور علي ابراهيم",
    "in_church_service": true
  },
  {
    "id": 52,
    "area_id": 3,
    "name": "حارة الشيخ محمود",
    "in_church_service": true
  },
  {
    "id": 53,
    "area_id": 3,
    "name": "محمد العسال",
    "in_church_service": true
  },
  {
    "id": 54,
    "area_id": 3,
    "name": "احمد ذكي",
    "in_church_service": true
  },
  {
    "id": 55,
    "area_id": 3,
    "name": "محمود عقل",
    "in_church_service": true
  },
  {
    "id": 56,
    "area_id": 3,
    "name": "حارة علي جوهر",
    "in_church_service": true
  },
  {
    "id": 57,
    "area_id": 3,
    "name": "عارف",
    "in_church_service": true
  },
  {
    "id": 58,
    "area_id": 3,
    "name": "حارة سعفان",
    "in_church_service": true
  },
  {
    "id": 59,
    "area_id": 3,
    "name": "حارة السيد سعفان",
    "in_church_service": true
  },
  {
    "id": 60,
    "area_id": 3,
    "name": "امتداد شارع الجمعيه الاجتماعية",
    "in_church_service": true
  },
  {
    "id": 61,
    "area_id": 3,
    "name": "حارة ابراهيم السيد",
    "in_church_service": true
  },
  {
    "id": 62,
    "area_id": 3,
    "name": "المنشاوي محجوب",
    "in_church_service": true
  },
  {
    "id": 63,
    "area_id": 3,
    "name": "حارة السيد القرشي",
    "in_church_service": true
  },
  {
    "id": 64,
    "area_id": 3,
    "name": "حارة اسماعيل عطيه",
    "in_church_service": true
  },
  {
    "id": 65,
    "area_id": 3,
    "name": "اسماعيل خليفه",
    "in_church_service": true
  },
  {
    "id": 66,
    "area_id": 3,
    "name": "مسلم",
    "in_church_service": true
  },
  {
    "id": 67,
    "area_id": 3,
    "name": "سليم محبش",
    "in_church_service": true
  },
  {
    "id": 68,
    "area_id": 3,
    "name": "السيد عبده",
    "in_church_service": true
  },
  {
    "id": 69,
    "area_id": 3,
    "name": "سالم سليم",
    "in_church_service": true
  },
  {
    "id": 70,
    "area_id": 3,
    "name": "الجيش",
    "in_church_service": true
  },
  {
    "id": 71,
    "area_id": 3,
    "name": "حارة حزين",
    "in_church_service": true
  },
  {
    "id": 72,
    "area_id": 3,
    "name": "ايمن",
    "in_church_service": true
  },
  {
    "id": 73,
    "area_id": 3,
    "name": "النادي",
    "in_church_service": true
  },
  {
    "id": 74,
    "area_id": 3,
    "name": "حارة قطز",
    "in_church_service": true
  },
  {
    "id": 75,
    "area_id": 3,
    "name": "حارة شعبان فارس",
    "in_church_service": true
  },
  {
    "id": 76,
    "area_id": 3,
    "name": "حارة السني",
    "in_church_service": true
  },
  {
    "id": 77,
    "area_id": 3,
    "name": "حارة عبد الهادي",
    "in_church_service": true
  },
  {
    "id": 78,
    "area_id": 3,
    "name": "مؤمن",
    "in_church_service": true
  },
  {
    "id": 79,
    "area_id": 3,
    "name": "حارة مؤمن",
    "in_church_service": true
  },
  {
    "id": 80,
    "area_id": 3,
    "name": "حارة جمعه",
    "in_church_service": true
  },
  {
    "id": 81,
    "area_id": 3,
    "name": "حارة الرفاعي",
    "in_church_service": true
  },
  {
    "id": 82,
    "area_id": 3,
    "name": "الزغبي",
    "in_church_service": true
  },
  {
    "id": 83,
    "area_id": 3,
    "name": "حارة رمضان مرسي",
    "in_church_service": true
  },
  {
    "id": 84,
    "area_id": 3,
    "name": "حارة لطفي الحلاق",
    "in_church_service": true
  },
  {
    "id": 85,
    "area_id": 3,
    "name": "حارة السباعي",
    "in_church_service": true
  },
  {
    "id": 86,
    "area_id": 3,
    "name": "حارة دسوقي",
    "in_church_service": true
  },
  {
    "id": 87,
    "area_id": 3,
    "name": "حارة عابد مكاوي",
    "in_church_service": true
  },
  {
    "id": 88,
    "area_id": 3,
    "name": "حارة ابراهيم هندي",
    "in_church_service": true
  },
  {
    "id": 89,
    "area_id": 3,
    "name": "حارة مسعود",
    "in_church_service": true
  },
  {
    "id": 90,
    "area_id": 3,
    "name": "السيد ابو الحسن",
    "in_church_service": true
  },
  {
    "id": 91,
    "area_id": 3,
    "name": "رمضان مرسي",
    "in_church_service": true
  },
  {
    "id": 92,
    "area_id": 3,
    "name": "حارة الجامع",
    "in_church_service": true
  },
  {
    "id": 93,
    "area_id": 3,
    "name": "حارة محمد عبد الحميد",
    "in_church_service": true
  },
  {
    "id": 94,
    "area_id": 3,
    "name": "خفاجة",
    "in_church_service": true
  },
  {
    "id": 95,
    "area_id": 3,
    "name": "امتداد شارع خفاجة",
    "in_church_service": true
  },
  {
    "id": 96,
    "area_id": 3,
    "name": "سعد المقاول",
    "in_church_service": true
  },
  {
    "id": 97,
    "area_id": 3,
    "name": "حارة اسماعيل",
    "in_church_service": true
  },
  {
    "id": 98,
    "area_id": 3,
    "name": "رزق عبد الله",
    "in_church_service": true
  },
  {
    "id": 99,
    "area_id": 3,
    "name": "الجمعيه الاجتماعية",
    "in_church_service": true
  },
  {
    "id": 100,
    "area_id": 3,
    "name": "مجدي احمد",
    "in_church_service": true
  },
  {
    "id": 101,
    "area_id": 3,
    "name": "حارة اشرف حموده",
    "in_church_service": true
  },
  {
    "id": 102,
    "area_id": 3,
    "name": "محمود صالح",
    "in_church_service": true
  },
  {
    "id": 103,
    "area_id": 3,
    "name": "حارة فكري",
    "in_church_service": true
  },
  {
    "id": 104,
    "area_id": 3,
    "name": "حارة مسعد عارف",
    "in_church_service": true
  },
  {
    "id": 105,
    "area_id": 3,
    "name": "حارة محمد سليمان",
    "in_church_service": true
  },
  {
    "id": 106,
    "area_id": 8,
    "name": "الابراج",
    "in_church_service": true
  },
  {
    "id": 107,
    "area_id": 8,
    "name": "جمال الدين",
    "in_church_service": true
  },
  {
    "id": 108,
    "area_id": 8,
    "name": "صلاح الدين",
    "in_church_service": true
  },
  {
    "id": 109,
    "area_id": 8,
    "name": "متولي المراكبي",
    "in_church_service": true
  },
  {
    "id": 110,
    "area_id": 8,
    "name": "ابراهيم حافظ",
    "in_church_service": true
  },
  {
    "id": 111,
    "area_id": 8,
    "name": "الزهور",
    "in_church_service": true
  },
  {
    "id": 112,
    "area_id": 8,
    "name": "مصباح العجمي",
    "in_church_service": true
  },
  {
    "id": 113,
    "area_id": 6,
    "name": "الابراج",
    "in_church_service": true
  },
  {
    "id": 114,
    "area_id": 6,
    "name": "الحاج مجدي ربيع",
    "in_church_service": true
  },
  {
    "id": 115,
    "area_id": 6,
    "name": "الحاج كرم صابر",
    "in_church_service": true
  },
  {
    "id": 116,
    "area_id": 6,
    "name": "سمير رياض",
    "in_church_service": true
  },
  {
    "id": 117,
    "area_id": 1,
    "name": 1,
    "in_church_service": true
  },
  {
    "id": 118,
    "area_id": 1,
    "name": 3,
    "in_church_service": true
  },
  {
    "id": 119,
    "area_id": 1,
    "name": 7,
    "in_church_service": true
  },
  {
    "id": 120,
    "area_id": 1,
    "name": 12,
    "in_church_service": true
  },
  {
    "id": 121,
    "area_id": 1,
    "name": 13,
    "in_church_service": true
  },
  {
    "id": 122,
    "area_id": 1,
    "name": 15,
    "in_church_service": true
  },
  {
    "id": 123,
    "area_id": 1,
    "name": 31,
    "in_church_service": true
  },
  {
    "id": 124,
    "area_id": 1,
    "name": 23,
    "in_church_service": true
  },
  {
    "id": 125,
    "area_id": 1,
    "name": 5,
    "in_church_service": true
  },
  {
    "id": 126,
    "area_id": 1,
    "name": 9,
    "in_church_service": true
  },
  {
    "id": 127,
    "area_id": 1,
    "name": 17,
    "in_church_service": true
  },
  {
    "id": 128,
    "area_id": 1,
    "name": 19,
    "in_church_service": true
  },
  {
    "id": 129,
    "area_id": 1,
    "name": 21,
    "in_church_service": true
  },
  {
    "id": 130,
    "area_id": 1,
    "name": 25,
    "in_church_service": true
  },
  {
    "id": 131,
    "area_id": 1,
    "name": 29,
    "in_church_service": true
  },
  {
    "id": 132,
    "area_id": 1,
    "name": 33,
    "in_church_service": true
  },
  {
    "id": 133,
    "area_id": 1,
    "name": 35,
    "in_church_service": true
  },
  {
    "id": 134,
    "area_id": 1,
    "name": 27,
    "in_church_service": true
  },
  {
    "id": 135,
    "area_id": 1,
    "name": 37,
    "in_church_service": true
  },
  {
    "id": 136,
    "area_id": 1,
    "name": 39,
    "in_church_service": true
  },
  {
    "id": 137,
    "area_id": 1,
    "name": 41,
    "in_church_service": true
  },
  {
    "id": 138,
    "area_id": 1,
    "name": "الكابلات",
    "in_church_service": true
  },
  {
    "id": 139,
    "area_id": 1,
    "name": 2,
    "in_church_service": true
  },
  {
    "id": 140,
    "area_id": 1,
    "name": 10,
    "in_church_service": true
  },
  {
    "id": 141,
    "area_id": 1,
    "name": 14,
    "in_church_service": true
  },
  {
    "id": 142,
    "area_id": 1,
    "name": 16,
    "in_church_service": true
  },
  {
    "id": 143,
    "area_id": 1,
    "name": 18,
    "in_church_service": true
  },
  {
    "id": 144,
    "area_id": 1,
    "name": 20,
    "in_church_service": true
  },
  {
    "id": 145,
    "area_id": 1,
    "name": 24,
    "in_church_service": true
  },
  {
    "id": 146,
    "area_id": 1,
    "name": 28,
    "in_church_service": true
  },
  {
    "id": 147,
    "area_id": 1,
    "name": 30,
    "in_church_service": true
  },
  {
    "id": 148,
    "area_id": 1,
    "name": 4,
    "in_church_service": true
  },
  {
    "id": 149,
    "area_id": 1,
    "name": 26,
    "in_church_service": true
  },
  {
    "id": 150,
    "area_id": 1,
    "name": 6,
    "in_church_service": true
  },
  {
    "id": 151,
    "area_id": 1,
    "name": 8,
    "in_church_service": true
  },
  {
    "id": 152,
    "area_id": 1,
    "name": 22,
    "in_church_service": true
  },
  {
    "id": 153,
    "area_id": 1,
    "name": 32,
    "in_church_service": true
  },
  {
    "id": 154,
    "area_id": 2,
    "name": 2,
    "in_church_service": true
  },
  {
    "id": 155,
    "area_id": 2,
    "name": 42,
    "in_church_service": true
  },
  {
    "id": 156,
    "area_id": 2,
    "name": 26,
    "in_church_service": true
  },
  {
    "id": 157,
    "area_id": 2,
    "name": 25,
    "in_church_service": true
  },
  {
    "id": 158,
    "area_id": 2,
    "name": 24,
    "in_church_service": true
  },
  {
    "id": 159,
    "area_id": 2,
    "name": 23,
    "in_church_service": true
  },
  {
    "id": 160,
    "area_id": 2,
    "name": 22,
    "in_church_service": true
  },
  {
    "id": 161,
    "area_id": 2,
    "name": 21,
    "in_church_service": true
  },
  {
    "id": 162,
    "area_id": 2,
    "name": 20,
    "in_church_service": true
  },
  {
    "id": 163,
    "area_id": 2,
    "name": 27,
    "in_church_service": true
  },
  {
    "id": 164,
    "area_id": 2,
    "name": 43,
    "in_church_service": true
  },
  {
    "id": 165,
    "area_id": 2,
    "name": 3,
    "in_church_service": true
  },
  {
    "id": 166,
    "area_id": 2,
    "name": 29,
    "in_church_service": true
  },
  {
    "id": 167,
    "area_id": 2,
    "name": "وجيه اباظة",
    "in_church_service": true
  },
  {
    "id": 168,
    "area_id": 2,
    "name": 28,
    "in_church_service": true
  },
  {
    "id": 169,
    "area_id": 2,
    "name": 19,
    "in_church_service": true
  },
  {
    "id": 170,
    "area_id": 2,
    "name": 31,
    "in_church_service": true
  },
  {
    "id": 171,
    "area_id": 2,
    "name": 37,
    "in_church_service": true
  },
  {
    "id": 172,
    "area_id": 2,
    "name": 38,
    "in_church_service": true
  },
  {
    "id": 173,
    "area_id": 2,
    "name": 30,
    "in_church_service": true
  },
  {
    "id": 174,
    "area_id": 2,
    "name": 32,
    "in_church_service": true
  },
  {
    "id": 175,
    "area_id": 2,
    "name": 33,
    "in_church_service": true
  },
  {
    "id": 176,
    "area_id": 2,
    "name": 34,
    "in_church_service": true
  },
  {
    "id": 177,
    "area_id": 2,
    "name": 35,
    "in_church_service": true
  },
  {
    "id": 178,
    "area_id": 2,
    "name": 36,
    "in_church_service": true
  },
  {
    "id": 179,
    "area_id": 2,
    "name": 39,
    "in_church_service": true
  },
  {
    "id": 180,
    "area_id": 2,
    "name": 40,
    "in_church_service": true
  },
  {
    "id": 181,
    "area_id": 2,
    "name": 41,
    "in_church_service": true
  },
  {
    "id": 182,
    "area_id": 2,
    "name": 13,
    "in_church_service": true
  },
  {
    "id": 183,
    "area_id": 2,
    "name": 4,
    "in_church_service": true
  },
  {
    "id": 184,
    "area_id": 2,
    "name": 16,
    "in_church_service": true
  },
  {
    "id": 185,
    "area_id": 2,
    "name": 17,
    "in_church_service": true
  },
  {
    "id": 186,
    "area_id": 2,
    "name": 18,
    "in_church_service": true
  },
  {
    "id": 187,
    "area_id": 2,
    "name": 1,
    "in_church_service": true
  },
  {
    "id": 188,
    "area_id": 2,
    "name": 5,
    "in_church_service": true
  },
  {
    "id": 189,
    "area_id": 2,
    "name": 6,
    "in_church_service": true
  },
  {
    "id": 190,
    "area_id": 2,
    "name": 7,
    "in_church_service": true
  },
  {
    "id": 191,
    "area_id": 2,
    "name": 8,
    "in_church_service": true
  },
  {
    "id": 192,
    "area_id": 2,
    "name": 9,
    "in_church_service": true
  },
  {
    "id": 193,
    "area_id": 2,
    "name": 10,
    "in_church_service": true
  },
  {
    "id": 194,
    "area_id": 2,
    "name": 11,
    "in_church_service": false
  },
  {
    "id": 195,
    "area_id": 2,
    "name": 12,
    "in_church_service": true
  },
  {
    "id": 196,
    "area_id": 2,
    "name": 14,
    "in_church_service": true
  },
  {
    "id": 197,
    "area_id": 2,
    "name": 15,
    "in_church_service": true
  },
  {
    "id": 198,
    "area_id": 3,
    "name": "الملك فيصل",
    "in_church_service": false
  },
  {
    "id": 199,
    "area_id": 27,
    "name": "عزت حسنى",
    "in_church_service": true
  },
  {
    "id": 200,
    "area_id": 27,
    "name": "عزت حسن",
    "in_church_service": true
  },
  {
    "id": 201,
    "area_id": 27,
    "name": "ابراج اعلام النصر",
    "in_church_service": true
  },
  {
    "id": 202,
    "area_id": 27,
    "name": "صلاح الدين",
    "in_church_service": true
  },
  {
    "id": 203,
    "area_id": 27,
    "name": "سمير رياض",
    "in_church_service": true
  },
  {
    "id": 204,
    "area_id": 28,
    "name": "مصباح العجمى",
    "in_church_service": true
  },
  {
    "id": 205,
    "area_id": 28,
    "name": "متولي المراكبي",
    "in_church_service": true
  }
]